order_id,loan_id
29423,2
29451,4
29452,4
29453,4
29454,4
29455,5
29456,5
29457,5
29458,5
29575,8
29584,10
29585,10
29586,10
29815,15
29816,15
29838,16
29839,16
29840,16
29857,17
29858,17
29863,18
29877,20
29878,20
29879,20
29880,20
29895,21
29913,23
29914,23
29917,24
29967,26
29968,26
29969,26
29970,26
29971,26
30045,27
30046,27
30047,27
30061,28
30062,28
30066,29
30067,29
30068,29
30113,30
30160,31
30191,32
30192,32
30392,35
30393,35
30545,37
30546,37
30552,38
30553,38
30554,38
30555,39
30578,40
30642,46
30643,46
30644,46
30645,46
30678,47
30679,47
30680,47
30681,47
30743,48
30744,48
30778,49
30779,49
30781,50
30804,51
30805,51
30847,52
30869,53
30880,54
30881,54
30955,56
30956,56
30957,56
30958,56
30961,57
30974,58
30975,58
30976,58
30977,58
31017,60
31097,61
31098,61
31219,63
31220,63
31221,63
31222,63
31223,63
31226,64
31231,65
31232,65
31233,65
31235,66
31239,67
31240,67
31241,67
31262,68
31263,68
31328,70
31329,70
31330,70
31331,70
31332,70
31538,76
31539,76
31581,77
31649,79
31651,80
31732,82
31832,85
31833,85
31891,86
31892,86
31974,88
31975,88
31976,88
31977,88
31982,89
31983,89
31984,89
31985,89
31986,89
31992,90
31993,90
32012,92
32035,93
32036,93
32037,93
32038,93
32052,95
32053,95
32054,95
32064,96
32065,96
32066,96
32067,96
32104,97
32105,97
32128,98
32137,99
32157,101
32158,101
32160,102
32161,102
32162,102
32163,102
32277,105
32278,105
32293,106
32294,106
32295,106
32296,106
32310,107
32321,108
32322,108
32323,108
32324,108
32377,110
32378,110
32379,110
32380,110
32381,110
32405,111
32414,112
32415,112
32431,114
32525,119
32526,119
32527,119
32539,121
32540,121
32597,125
32598,125
32599,125
32658,127
32671,129
32672,129
32683,130
32701,132
32729,134
32734,135
32735,135
32753,136
32836,139
32837,139
32838,139
32839,139
32840,139
32853,141
32854,141
32863,142
32864,142
32865,142
32867,143
32868,143
32869,143
32870,143
32878,144
32879,144
33007,147
33018,148
33019,148
33091,150
33092,150
33216,154
33217,154
33387,157
33388,157
33389,157
33401,158
33402,158
33419,159
33420,159
33421,159
33429,160
33430,160
33431,160
33432,160
33434,161
33435,161
33473,163
33474,163
33475,163
33581,165
33582,165
33653,166
33654,166
33655,166
33709,168
33742,169
33743,169
33837,175
33838,175
33875,177
33897,178
33968,181
34015,182
34016,182
34017,182
34022,183
34023,183
34053,184
34098,187
34124,188
34191,190
34256,192
34437,198
34459,199
34512,202
34642,204
34643,204
34644,204
34710,206
34711,206
34754,207
34755,207
34756,207
34757,207
34810,209
34831,211
34870,213
35087,219
35091,220
35092,220
35093,220
35159,222
35173,224
35174,224
35175,224
35176,224
35213,225
35214,225
35245,227
35334,228
35335,228
35336,228
35364,229
35402,230
35403,230
35404,230
35405,230
35409,231
35433,232
35434,232
35435,232
35436,232
35462,233
35463,233
35472,234
35473,234
35474,234
35475,234
35494,235
35495,235
35565,236
35566,236
35567,236
35568,236
35671,238
35672,238
35718,240
35719,240
35752,241
35794,244
35795,244
35874,246
35875,246
35899,249
35900,249
35901,249
35931,251
35932,252
35941,253
35951,254
35956,255
35957,255
35967,256
35968,256
35969,256
36008,258
36048,259
36049,259
36066,260
36067,260
36068,260
36069,260
36124,263
36125,263
36170,265
36217,268
36218,268
36219,268
36263,270
36264,270
36265,270
36341,272
36342,272
36371,274
36424,276
36443,277
36444,277
36445,277
36446,277
36447,277
36454,278
36531,281
36532,281
36539,282
36618,285
36619,285
36620,285
36621,285
36679,287
36680,287
36681,288
36709,289
36710,289
36711,289
36729,290
36730,290
36749,292
36754,293
36755,293
36756,293
36852,296
36853,296
36854,296
36855,296
36856,296
36866,297
36867,297
36868,297
36869,297
36870,297
36928,298
36929,298
36930,298
36934,299
36935,299
36946,300
36947,300
37012,302
37013,302
37033,304
37085,306
37154,309
37167,310
37168,310
37173,311
37177,312
37178,312
37179,312
37196,314
37197,314
37238,315
37251,316
37252,316
37253,316
37254,316
37257,317
37258,317
37317,318
37318,318
37323,319
37324,319
37325,319
37361,320
37362,320
37378,321
37421,322
37422,322
37423,322
37424,322
37435,323
37456,324
37457,324
37458,324
37459,324
37462,325
37463,325
37464,325
37465,325
37466,325
37520,327
37616,328
37617,328
37618,328
37665,329
37666,329
37699,331
37700,331
37701,331
37702,331
37703,331
37716,333
37748,335
37755,336
37847,338
37848,338
37850,339
37888,340
37889,340
37890,340
37891,340
37892,340
37906,341
37915,342
37995,344
38053,345
38151,347
38152,347
38166,348
38190,349
38191,349
38263,351
38264,351
38265,351
38328,353
38359,355
38375,357
38376,357
38395,358
38408,359
38431,360
38432,360
38462,361
38539,364
38540,364
38541,365
38649,366
38729,369
38820,370
38821,370
38822,370
38829,371
38830,371
38885,373
38888,374
38889,374
38890,374
38891,374
38955,378
38956,378
38957,378
38958,378
38965,379
38983,381
39102,385
39151,386
39152,386
39177,387
39178,387
39179,387
39241,388
39284,389
39305,391
39306,391
39307,391
39308,391
39324,392
39325,392
39326,392
39328,393
39337,394
39338,394
39339,394
39340,394
39352,395
39555,398
39556,398
39557,398
39558,398
39617,399
39618,399
39619,399
39648,401
39649,401
39741,404
39742,404
39830,405
39841,407
39890,408
39891,408
39892,408
39893,408
39894,408
39924,409
39925,409
39926,409
39927,409
39986,411
39987,411
39988,411
39989,411
39990,411
39994,412
39995,412
39996,412
39997,412
40065,414
40066,414
40099,418
40100,418
40169,419
40170,419
40207,420
40208,420
40209,420
40349,423
40381,425
40382,425
40383,425
40384,425
40410,427
40411,427
40412,427
40593,433
40597,434
40598,434
40599,434
40635,435
40636,435
40637,435
40638,435
40639,435
40654,436
40655,436
40656,436
40671,438
40694,439
40695,439
40815,443
40816,443
40865,446
40866,446
40906,449
40947,450
40987,452
40988,452
40989,452
40990,452
40991,452
40999,453
41000,453
41001,453
41066,457
41067,457
41068,457
41069,457
41070,457
41106,458
41107,458
41111,459
41112,459
41113,459
41232,464
41266,465
41267,465
41316,467
41339,471
41351,472
41380,473
41381,473
41382,473
41406,474
41407,474
41408,474
41415,475
41416,475
41418,476
41419,476
41452,477
41453,477
41454,477
41471,479
41472,479
41512,480
41513,480
41514,480
41532,482
41533,482
41534,482
41606,484
41652,485
41746,489
41747,489
41748,490
41749,490
41754,491
41755,491
41756,491
41827,493
41828,493
41829,493
41834,494
41835,494
41836,494
41881,495
41882,495
41883,495
41884,495
41894,496
41895,496
41896,496
42008,499
42009,499
42068,503
42084,504
42104,505
42119,507
42120,507
42121,507
42221,509
42234,510
42235,510
42274,511
42275,511
42276,511
42322,513
42414,515
42415,515
42420,516
42584,518
42585,518
42633,521
42634,521
42635,521
42697,522
42698,522
42699,522
42713,523
42743,524
42744,524
42763,525
42771,526
42772,526
42779,527
42780,527
42781,527
42796,530
42797,530
42798,530
42813,531
42874,532
42875,532
42876,532
42889,533
42942,534
42943,534
42944,534
42946,535
42947,535
42948,535
42949,535
42965,536
42966,536
42971,537
42976,538
42977,538
42978,538
42979,538
42980,538
42990,539
42991,539
42992,539
42993,539
43002,540
43009,541
43010,541
43011,541
43012,541
43023,542
43055,545
43056,546
43057,546
43058,546
43068,547
43081,549
43082,549
43327,557
43328,557
43361,559
43405,561
43406,561
43407,561
43408,561
43465,563
43466,563
43467,563
43468,563
43469,564
43470,564
43489,566
43501,567
43561,569
43562,569
43573,570
43574,570
43664,573
43673,575
43692,577
43693,577
43694,578
43737,580
43738,580
43746,581
43747,581
43821,582
43822,582
43823,582
43824,583
43825,583
43826,583
43849,584
43912,585
43913,585
43914,585
43915,585
44009,589
44010,589
44011,589
44012,589
44027,590
44028,590
44029,590
44112,592
44113,592
44226,593
44232,594
44233,594
44247,595
44249,596
44250,596
44251,596
44321,598
44322,598
44323,598
44324,598
44325,598
44328,599
44345,601
44355,602
44356,602
44357,602
44358,602
44408,604
44523,607
44524,607
44525,607
44562,609
44563,609
44564,609
44565,609
44566,609
44578,610
44611,612
44634,613
44698,615
44699,615
44743,617
44744,617
44769,619
44770,619
44771,620
44772,620
44773,620
44774,620
44775,620
44836,621
44837,621
44838,621
44839,621
44840,621
44894,623
44901,625
44902,625
44903,625
44923,627
44924,627
44925,627
44926,627
44966,628
45022,630
45167,631
45212,634
45213,634
45221,635
45222,635
45324,639
45325,639
45326,639
45327,639
45328,639
45347,640
45348,640
45363,641
45364,641
45365,641
45401,642
45402,642
45448,646
45460,648
45536,649
45575,650
45576,650
45577,650
45606,651
45607,651
45608,651
45612,652
45613,652
45618,653
45619,653
45620,653
45621,653
45622,653
45666,654
45667,654
45669,655
45670,655
45688,656
45704,657
45717,658
45776,659
45777,659
45778,659
45793,660
45826,662
45827,662
45846,663
45847,663
45868,664
45873,665
45902,667
45903,667
45922,668
45923,668
45969,669
45970,669
46055,672
46056,672
46193,676
46194,676
46195,676
46196,676
46258,677
46259,677
46260,677
46275,679
46311,680
46312,680
